{"cameraMode":{"drawMode":0,"name":"Shaded","section":"Shading Mode"},"sceneLighting":true,"audioPlay":false,"sceneViewState":{"m_AlwaysRefresh":false,"showFog":true,"showSkybox":true,"showFlares":true,"showImageEffects":true,"showParticleSystems":true,"showVisualEffectGraphs":true,"m_FxEnabled":true},"in2DMode":false,"pivot":{"x":-1.2085411548614503,"y":2.138535737991333,"z":2.4599006175994875},"rotation":{"x":-0.14035186171531678,"y":-0.08247917890548706,"z":0.011731404811143875,"w":-0.9866003394126892},"size":2.6537890434265138,"orthographic":false}