{"cameraMode":{"drawMode":0,"name":"Shaded","section":"Shading Mode"},"sceneLighting":false,"audioPlay":false,"sceneViewState":{"m_AlwaysRefresh":false,"showFog":true,"showSkybox":false,"showFlares":true,"showImageEffects":true,"showParticleSystems":true,"showVisualEffectGraphs":true,"m_FxEnabled":true},"in2DMode":false,"pivot":{"x":0.10595342516899109,"y":0.031140515580773355,"z":0.00988755002617836},"rotation":{"x":-0.18281686305999757,"y":0.30876782536506655,"z":-0.060602184385061267,"w":-0.9314383268356323},"size":0.1158578172326088,"orthographic":false}